Workbook

Sheet Danh sách chức năng
A1: Mã FR | B1: Phân hệ | C1: Nhóm chức năng | D1: Tên chức năng | E1: Mô tả | F1: Actor | G1: Ưu tiên | H1: Sprint | I1: Ghi chú / Quy tắc nghiệp vụ | J1: Use Case | K1: User Story | L1: Trạng thái
A2: FR-01 | B2: Chung | C2: Tài khoản | D2: Đăng ký tài khoản | E2: Chủ quán đăng ký tài khoản bằng email, số điện thoại, mật khẩu để quản lý quán. Khách hàng có thể đăng ký tùy chọn để lưu lịch sử gọi món, không bắt buộc khi đặt món. Email không được trùng. | F2: Chủ quán, Khách hàng (tùy chọn) | G2: Bắt buộc | H2: Sprint 1 | I2: Mật khẩu lưu dạng băm (hash). Khách đặt món qua QR không cần tài khoản. | L2: Chưa làm
A3: FR-02 | B3: Chung | C3: Tài khoản | D3: Đăng nhập | E3: Đăng nhập bằng email và mật khẩu, sau đó chuyển hướng theo vai trò (chủ quán → bảng đơn, admin → trang quản trị, khách có tài khoản → trang menu). | F3: Chủ quán, Quản trị viên, Khách hàng (có tài khoản) | G3: Bắt buộc | H3: Sprint 1 | I3: Tài khoản bị khóa không đăng nhập được. Gợi ý dùng Flask-Login. | L3: Chưa làm
A4: FR-03 | B4: Chung | C4: Tài khoản | D4: Đăng xuất | E4: Kết thúc phiên đăng nhập và quay về trang chủ. | F4: Chủ quán, Quản trị viên, Khách hàng (có tài khoản) | G4: Bắt buộc | H4: Sprint 1 | L4: Chưa làm
A5: FR-04 | B5: Chung | C5: Tài khoản | D5: Phân quyền truy cập | E5: Hệ thống chặn truy cập sai vai trò: khách chỉ vào được trang menu qua QR; chủ quán chỉ xem và sửa dữ liệu của quán mình; trang quản trị chỉ dành cho Admin. | F5: Hệ thống | G5: Bắt buộc | H5: Sprint 1 | I5: Trả mã 403 khi sai quyền. Làm bằng decorator kiểm tra vai trò. | L5: Chưa làm
A6: FR-05 | B6: Chung | C6: Tài khoản | D6: Cập nhật thông tin cá nhân và đổi mật khẩu | E6: Sửa họ tên, số điện thoại; đổi mật khẩu (nhập mật khẩu cũ). | F6: Chủ quán, Quản trị viên, Khách hàng (có tài khoản) | G6: Bắt buộc | H6: Sprint 1 | L6: Chưa làm
A7: FR-10 | B7: Khách hàng | C7: Gọi món tại bàn | D7: Quét mã QR tại bàn để mở menu | E7: Khách quét mã QR dán tại bàn bằng camera điện thoại. Hệ thống mở menu của đúng quán và gắn sẵn số bàn. Không cần cài ứng dụng và không cần đăng nhập. | F7: Khách hàng | G7: Bắt buộc | H7: Sprint 1 | I7: QR chứa đường dẫn kèm mã bàn ngẫu nhiên (qr_token). QR không hợp lệ, quán chưa duyệt hoặc bị khóa thì báo lỗi (BR-06). Phụ thuộc FR-33. | L7: Chưa làm
A8: FR-11 | B8: Khách hàng | C8: Gọi món tại bàn | D8: Xem menu của quán | E8: Hiển thị món theo danh mục kèm giá, ảnh, trạng thái còn/hết. Món hết hiển thị mờ và không thêm được vào giỏ. | F8: Khách hàng | G8: Bắt buộc | H8: Sprint 1 | I8: BR-02: món hết không thêm được. Thiết kế ưu tiên điện thoại, hiển thị tên quán và số bàn ở đầu trang. | L8: Chưa làm
A9: FR-12 | B9: Khách hàng | C9: Gọi món tại bàn | D9: Tìm món trong menu | E9: Tìm món theo tên trong menu của quán. | F9: Khách hàng | G9: Bắt buộc | H9: Sprint 1 | L9: Chưa làm
A10: FR-13 | B10: Khách hàng | C10: Gọi món tại bàn | D10: Lọc món theo danh mục | E10: Chuyển nhanh giữa các danh mục (cà phê, trà sữa, đồ ăn...) trong menu. | F10: Khách hàng | G10: Bắt buộc | H10: Sprint 1 | I10: Danh mục do Admin quản lý (FR-53), Sprint 1 dùng danh mục nạp sẵn. | L10: Chưa làm
A11: FR-14 | B11: Khách hàng | C11: Gọi món tại bàn | D11: Chọn món kèm tùy chọn | E11: Chọn size, topping (nhóm tùy chọn bắt buộc hoặc không), số lượng và ghi chú cho món. | F11: Khách hàng | G11: Bắt buộc | H11: Sprint 2 | I11: Cần bảng option_groups/options trong ERD. Chủ quán cấu hình ở FR-37. | L11: Chưa làm
A12: FR-15 | B12: Khách hàng | C12: Giỏ hàng | D12: Thêm món vào giỏ hàng | E12: Thêm món đã chọn kèm tùy chọn vào giỏ. | F12: Khách hàng | G12: Bắt buộc | H12: Sprint 2 | I12: Giỏ gắn với quán và bàn đang quét. Quét QR của quán hoặc bàn khác thì giỏ cũ bị xóa. | L12: Chưa làm
A13: FR-16 | B13: Khách hàng | C13: Giỏ hàng | D13: Quản lý giỏ hàng | E13: Xem giỏ, đổi số lượng, sửa tùy chọn, xóa món, xóa toàn bộ giỏ; hiển thị tạm tính. | F13: Khách hàng | G13: Bắt buộc | H13: Sprint 2 | I13: Đề xuất lưu giỏ trong session (không cần bảng). | L13: Chưa làm
A14: FR-17 | B14: Khách hàng | C14: Gọi món tại bàn | D14: Gửi đơn gọi món tại bàn | E14: Xác nhận giỏ hàng để gửi đơn thẳng đến quầy bếp, kèm số bàn, tên gọi (tùy chọn) và ghi chú. Đơn ở trạng thái Chờ xác nhận. | F14: Khách hàng | G14: Bắt buộc | H14: Sprint 2 | I14: BR-01: mỗi đơn gắn với một bàn hợp lệ. BR-04: giá chốt tại thời điểm đặt. Khách gọi thêm món: mỗi lần gửi tạo một đơn mới cùng bàn. Kiểm tra món còn hàng và quán đang mở khi gửi. | L14: Chưa làm
A15: FR-18 | B15: Khách hàng | C15: Gọi món tại bàn | D15: Chọn phương thức thanh toán | E15: Chọn trả tiền mặt tại quầy hoặc chuyển khoản/QR (hiển thị ảnh QR và số tài khoản của quán). | F15: Khách hàng | G15: Bắt buộc | H15: Sprint 2 | I15: Chủ quán xác nhận thanh toán ở FR-44. Thời điểm thanh toán (trước hay sau khi ăn) cần chốt. | L15: Chưa làm
A16: FR-19 | B16: Khách hàng | C16: Theo dõi đơn | D16: Theo dõi trạng thái đơn | E16: Xem trạng thái các đơn đã gọi tại bàn trong lượt hiện tại; trang tự cập nhật khi quán đổi trạng thái. | F16: Khách hàng | G16: Bắt buộc | H16: Sprint 2 | I16: Trạng thái: Chờ xác nhận, Đang làm, Hoàn thành, Đã hủy. Không có 'Đang giao' vì khách ăn tại quán. Nhận diện đơn theo session. Dùng polling AJAX 5-10 giây. | L16: Chưa làm
A17: FR-20 | B17: Khách hàng | C17: Theo dõi đơn | D17: Hủy đơn | E17: Khách tự hủy đơn khi đơn còn ở trạng thái Chờ xác nhận. | F17: Khách hàng | G17: Bắt buộc | H17: Sprint 2 | I17: BR-03. Bổ sung so với bản ý tưởng. | L17: Chưa làm
A18: FR-21 | B18: Khách hàng | C18: Tiện ích | D18: Xem lịch sử đơn hàng | E18: Khách có tài khoản xem các đơn đã gọi ở những lần trước và chi tiết từng đơn. | F18: Khách hàng (có tài khoản) | G18: Nâng cao | H18: Sprint 3 | I18: Cần đăng nhập vì khách ẩn danh không có lịch sử. | L18: Chưa làm
A19: FR-22 | B19: Khách hàng | C19: Tiện ích | D19: Đặt lại món đã gọi | E19: Thêm lại các món của đơn cũ vào giỏ (kiểm tra món còn hay hết và giá hiện tại). | F19: Khách hàng (có tài khoản) | G19: Nâng cao | H19: Sprint 3 | I19: Phụ thuộc FR-21. | L19: Chưa làm
A20: FR-23 | B20: Khách hàng | C20: Tiện ích | D20: Áp dụng mã giảm giá | E20: Nhập mã khi gửi đơn; kiểm tra hạn dùng, giá trị đơn tối thiểu, số lượt; trừ tiền tương ứng. | F20: Khách hàng | G20: Nâng cao | H20: Sprint 3 | I20: Phụ thuộc FR-46. | L20: Chưa làm
A21: FR-24 | B21: Khách hàng | C21: Tiện ích | D21: Đánh giá quán và món | E21: Sau khi đơn Hoàn thành, khách chấm 1-5 sao và nhận xét cho món hoặc quán. | F21: Khách hàng | G21: Nâng cao | H21: Sprint 3 | I21: Mỗi đơn chỉ được đánh giá một lần. Có thể cho khách ẩn danh đánh giá theo mã đơn. | L21: Chưa làm
... A34: FR-37 | B34: Chủ quán | C34: Quản lý menu | D34: Quản lý tùy chọn món | E34: Tạo nhóm tùy chọn (size, topping) cho từng món, kèm giá cộng thêm và quy định bắt buộc hay không. | F34: Chủ quán | G34: Bắt buộc | H34: Sprint 2 | I34: Đi cùng FR-14. Bổ sung so với bản ý tưởng. | L34: Chưa làm
A35: FR-38 | B35: Chủ quán | C35: Quản lý menu | D35: Đánh dấu hết món hoặc còn món | E35: Bật/tắt trạng thái còn hàng của món chỉ bằng một thao tác. | F35: Chủ quán | G35: Bắt buộc | H35: Sprint 1 | L35: Chưa làm
A36: FR-39 | B36: Chủ quán | C36: Xử lý đơn | D36: Xem danh sách đơn | E36: Danh sách đơn của quán hiển thị số bàn, lọc theo trạng thái và ngày. | F36: Chủ quán | G36: Bắt buộc | H36: Sprint 2 | L36: Chưa làm
A37: FR-40 | B37: Chủ quán | C37: Xử lý đơn | D37: Nhận thông báo đơn mới | E37: Hiển thị thông báo (huy hiệu, âm báo) khi có đơn mới mà không cần tải lại trang. | F37: Chủ quán | G37: Bắt buộc | H37: Sprint 2 | I37: Chủ quán thường để máy tính bảng hoặc điện thoại tại quầy. Dùng polling AJAX 5-10 giây; Flask-SocketIO là lựa chọn nâng cao. | L37: Chưa làm
A38: FR-41 | B38: Chủ quán | C38: Xử lý đơn | D38: Xem chi tiết đơn | E38: Xem số bàn, món, tùy chọn, ghi chú và thanh toán của đơn. | F38: Chủ quán | G38: Bắt buộc | H38: Sprint 2 | L38: Chưa làm
A39: FR-42 | B39: Chủ quán | C39: Xử lý đơn | D39: Xác nhận hoặc từ chối đơn | E39: Xác nhận đơn (chuyển sang Đang làm) hoặc từ chối kèm lý do (chuyển sang Đã hủy). | F39: Chủ quán | G39: Bắt buộc | H39: Sprint 2 | I39: Giúp chặn đơn đùa hoặc đặt nhầm. | L39: Chưa làm
A40: FR-43 | B40: Chủ quán | C40: Xử lý đơn | D40: Cập nhật trạng thái đơn | E40: Chuyển trạng thái đơn theo thứ tự hợp lệ: Chờ xác nhận → Đang làm → Hoàn thành. | F40: Chủ quán | G40: Bắt buộc | H40: Sprint 2 | I40: BR-05: không cho nhảy bước hoặc chuyển ngược. | L40: Chưa làm
A41: FR-44 | B41: Chủ quán | C41: Xử lý đơn | D41: Xác nhận thanh toán | E41: Đánh dấu đơn đã thanh toán (tiền mặt tại quầy hoặc chuyển khoản đã nhận). | F41: Chủ quán | G41: Bắt buộc | H41: Sprint 2 | I41: Trạng thái thanh toán tách riêng khỏi trạng thái đơn. | L41: Chưa làm
A42: FR-45 | B42: Chủ quán | C42: Xử lý đơn | D42: Tính tiền theo bàn | E42: Xem tổng tiền các đơn chưa thanh toán của một bàn để thu tiền một lần, sau đó đóng bàn. | F42: Chủ quán | G42: Nâng cao | H42: Sprint 3 | I42: Bổ sung. Hữu ích khi khách gọi thêm nhiều lần. | L42: Chưa làm
A43: FR-46 | B43: Chủ quán | C43: Khuyến mãi | D43: Quản lý mã giảm giá | E43: Tạo, sửa, xóa, bật/tắt mã giảm giá (giảm theo % hoặc số tiền, giá trị tối thiểu, thời hạn, số lượt). | F43: Chủ quán | G43: Nâng cao | H43: Sprint 3 | L43: Chưa làm
A44: FR-47 | B44: Chủ quán | C44: Thống kê | D44: Thống kê doanh thu | E44: Doanh thu theo ngày và theo tháng, hiển thị biểu đồ (Chart.js). Chỉ tính đơn Hoàn thành. | F44: Chủ quán | G44: Nâng cao | H44: Sprint 3 | L44: Chưa làm
A45: FR-48 | B45: Chủ quán | C45: Thống kê | D45: Thống kê món bán chạy | E45: Xếp hạng món theo số lượng bán trong khoảng thời gian chọn. | F45: Chủ quán | G45: Nâng cao | H45: Sprint 3 | L45: Chưa làm
A46: FR-49 | B46: Chủ quán | C46: Đánh giá | D46: Xem đánh giá của khách | E46: Xem danh sách đánh giá và điểm trung bình của quán và từng món. | F46: Chủ quán | G46: Nâng cao | H46: Sprint 3 | I46: Phụ thuộc FR-24. | L46: Chưa làm
A47: FR-50 | B47: Quản trị viên | C47: Quản lý quán | D47: Duyệt hoặc từ chối quán | E47: Xem danh sách quán chờ duyệt, duyệt hoặc từ chối đăng ký quán. | F47: Quản trị viên | G47: Bắt buộc | H47: Sprint 1 | I47: Đề xuất nâng lên Bắt buộc và đưa lên Sprint 1: quán phải được duyệt mới nhận đơn qua QR (BR-06). Bản ý tưởng xếp ở Sprint 3. | L47: Chưa làm
A48: FR-51 | B48: Quản trị viên | C48: Quản lý quán | D48: Khóa hoặc mở khóa quán | E48: Khóa quán vi phạm (QR của quán ngừng hoạt động) hoặc mở khóa lại. | F48: Quản trị viên | G48: Nâng cao | H48: Sprint 3 | L48: Chưa làm
A49: FR-52 | B49: Quản trị viên | C49: Quản lý người dùng | D49: Quản lý người dùng | E49: Xem, tìm kiếm, khóa/mở khóa tài khoản người dùng. | F49: Quản trị viên | G49: Nâng cao | H49: Sprint 3 | L49: Chưa làm
A50: FR-53 | B50: Quản trị viên | C50: Quản lý danh mục | D50: Quản lý danh mục món | E50: Thêm, sửa, xóa danh mục món. | F50: Quản trị viên | G50: Nâng cao | H50: Sprint 3 | I50: Sprint 1 nạp sẵn danh mục mẫu để chủ quán chọn. | L50: Chưa làm
A51: FR-54 | B51: Quản trị viên | C51: Thống kê | D51: Thống kê toàn hệ thống | E51: Tổng số quán, người dùng, đơn hàng và doanh thu toàn hệ thống. | F51: Quản trị viên | G51: Nâng cao | H51: Sprint 3 | L51: Chưa làm
A52: FR-55 | B52: Quản trị viên | C52: Khiếu nại | D52: Xử lý khiếu nại | E52: Xem khiếu nại của khách, phản hồi và đóng khiếu nại. | F52: Quản trị viên | G52: Nâng cao | H52: Sprint 3 | I52: Phụ thuộc FR-26. | L52: Chưa làm

Sheet Tổng hợp
A1: Tổng hợp danh sách chức năng QuickOrder
A3: 1. Theo phân hệ và mức ưu tiên | F3: Cách dùng
A4: Phân hệ | B4: Bắt buộc | C4: Nâng cao | D4: Tổng | F4: • Phạm vi: khách ăn tại quán và gọi món qua mã QR đặt tại bàn (theo xác nhận của TV1). Giao hàng và mang đi chuyển sang mục Mở rộng.
A5: Chung | B5: =COUNTIFS('Danh sách chức năng'!$B$2:$B$300,$A5,'Danh sách chức năng'!$G$2:$G$300,B$4) -> 5 | C5: =COUNTIFS('Danh sách chức năng'!$B$2:$B$300,$A5,'Danh sách chức năng'!$G$2:$G$300,C$4) -> 0 | D5: =B5+C5 -> 5 | F5: • Thêm chức năng mới ở dòng cuối của sheet 'Danh sách chức năng'. Chọn Phân hệ, Ưu tiên, Sprint, Trạng thái từ danh sách thả xuống để các bảng ở đây tự cập nhật (hỗ trợ tới dòng 300).
A6: Khách hàng | B6: =COUNTIFS('Danh sách chức năng'!$B$2:$B$300,$A6,'Danh sách chức năng'!$G$2:$G$300,B$4) -> 11 | C6: =COUNTIFS('Danh sách chức năng'!$B$2:$B$300,$A6,'Danh sách chức năng'!$G$2:$G$300,C$4) -> 9 | D6: =B6+C6 -> 20 | F6: • Cột 'Use Case' và 'User Story' để trống, điền mã UC-xx, US-xx khi hoàn thành các tài liệu đó, dùng cho bảng truy vết (RTM).
A7: Chủ quán | B7: =COUNTIFS('Danh sách chức năng'!$B$2:$B$300,$A7,'Danh sách chức năng'!$G$2:$G$300,B$4) -> 15 | C7: =COUNTIFS('Danh sách chức năng'!$B$2:$B$300,$A7,'Danh sách chức năng'!$G$2:$G$300,C$4) -> 5 | D7: =B7+C7 -> 20 | F7: • Cột Trạng thái dùng để theo dõi tiến độ phát triển: đổi sang 'Đang làm' hoặc 'Hoàn thành' theo từng Sprint.
A8: Quản trị viên | B8: =COUNTIFS('Danh sách chức năng'!$B$2:$B$300,$A8,'Danh sách chức năng'!$G$2:$G$300,B$4) -> 1 | C8: =COUNTIFS('Danh sách chức năng'!$B$2:$B$300,$A8,'Danh sách chức năng'!$G$2:$G$300,C$4) -> 5 | D8: =B8+C8 -> 6 | F8: • Các chức năng ghi 'Bổ sung' (FR-20, FR-26, FR-32, FR-37, FR-45) là đề xuất thêm so với bản ý tưởng. FR-33 (QR bàn) và FR-50 (duyệt quán) được nâng lên Bắt buộc.
A9: Tổng cộng | B9: =SUM(B5:B8) -> 32 | C9: =SUM(C5:C8) -> 19 | D9: =SUM(D5:D8) -> 51 | F9: Nguồn dữ liệu và giả định:
F10: • Chức năng và mức ưu tiên (Bắt buộc/Nâng cao) lấy từ mục 5 của bản ý tưởng QuickOrder, đã điều chỉnh theo phạm vi ăn tại quán.
A11: 2. Theo Sprint và mức ưu tiên | F11: • Sprint theo kế hoạch mục 11 (Sprint 1: tuần 4-5, Sprint 2: tuần 6-7, Sprint 3: tuần 8), có điều chỉnh: QR bàn đưa lên Sprint 1, luồng gọi món ở Sprint 2.
A12: Sprint | B12: Bắt buộc | C12: Nâng cao | D12: Tổng | F12: • Mã BR-01 đến BR-06 là quy tắc nghiệp vụ dự kiến, sẽ được định nghĩa chính thức trong SRS.
A13: Sprint 1 | B13: =COUNTIFS('Danh sách chức năng'!$H$2:$H$300,$A13,'Danh sách chức năng'!$G$2:$G$300,B$12) -> 17 | C13: =COUNTIFS('Danh sách chức năng'!$H$2:$H$300,$A13,'Danh sách chức năng'!$G$2:$G$300,C$12) -> 0 | D13: =B13+C13 -> 17 | F13: • Xem sheet 'Cần chốt' để biết các điểm cần nhóm quyết định.
A14: Sprint 2 | B14: =COUNTIFS('Danh sách chức năng'!$H$2:$H$300,$A14,'Danh sách chức năng'!$G$2:$G$300,B$12) -> 15 | C14: =COUNTIFS('Danh sách chức năng'!$H$2:$H$300,$A14,'Danh sách chức năng'!$G$2:$G$300,C$12) -> 0 | D14: =B14+C14 -> 15
A15: Sprint 3 | B15: =COUNTIFS('Danh sách chức năng'!$H$2:$H$300,$A15,'Danh sách chức năng'!$G$2:$G$300,B$12) -> 0 | C15: =COUNTIFS('Danh sách chức năng'!$H$2:$H$300,$A15,'Danh sách chức năng'!$G$2:$G$300,C$12) -> 16 | D15: =B15+C15 -> 16
A16: Mở rộng | B16: =COUNTIFS('Danh sách chức năng'!$H$2:$H$300,$A16,'Danh sách chức năng'!$G$2:$G$300,B$12) -> 0 | C16: =COUNTIFS('Danh sách chức năng'!$H$2:$H$300,$A16,'Danh sách chức năng'!$G$2:$G$300,C$12) -> 3 | D16: =B16+C16 -> 3
A17: Tổng cộng | B17: =SUM(B13:B16) -> 32 | C17: =SUM(C13:C16) -> 19 | D17: =SUM(D13:D16) -> 51
A19: 3. Tiến độ thực hiện
A20: Trạng thái | B20: Số chức năng | C20: Tỷ lệ
A21: Chưa làm | B21: =COUNTIFS('Danh sách chức năng'!$L$2:$L$300,$A21) -> 51 | C21: =IF($B$24=0,0,B21/$B$24) -> 1
A22: Đang làm | B22: =COUNTIFS('Danh sách chức năng'!$L$2:$L$300,$A22) -> 0 | C22: =IF($B$24=0,0,B22/$B$24) -> 0
A23: Hoàn thành | B23: =COUNTIFS('Danh sách chức năng'!$L$2:$L$300,$A23) -> 0 | C23: =IF($B$24=0,0,B23/$B$24) -> 0
A24: Tổng cộng | B24: =SUM(B21:B23) -> 51 | C24: =SUM(C21:C23) -> 1
A26: Kiểm tra dữ liệu
A27: Số chức năng trong danh sách | B27: =COUNTA('Danh sách chức năng'!$A$2:$A$300) -> 51
A28: Khớp bảng 1 (phân hệ, ưu tiên) | B28: =IF(D9=B27,"OK","Sai chính tả") -> OK
A29: Khớp bảng 2 (Sprint, ưu tiên) | B29: =IF(D17=B27,"OK","Sai chính tả") -> OK
A30: Khớp bảng 3 (trạng thái) | B30: =IF(B24=B27,"OK","Sai chính tả") -> OK

Sheet Cần chốt
A1: STT | B1: Vấn đề cần chốt | C1: Đề xuất của TV1 | D1: FR liên quan | E1: Quyết định của nhóm | F1: Người chốt | G1: Ngày chốt
A2: 1 | B2: Phạm vi sử dụng: khách ăn tại quán và gọi món qua mã QR ở bàn. Bản ý tưởng còn ghi giao tận nơi và tự đến lấy. | C2: Chỉ làm ăn tại quán. Giao tận nơi, mang đi và địa chỉ giao hàng chuyển sang mục Mở rộng (FR-27 đến FR-29). Cần cập nhật README và báo cáo ý tưởng cho khớp. | D2: FR-10, FR-28, FR-29
A3: 2 | B3: Khách có cần đăng nhập để gọi món không? | C3: Không. Khách quét QR là gọi món được (đơn không gắn tài khoản). Tài khoản chỉ tùy chọn cho lịch sử, đặt lại món, gợi ý. Chủ quán và Admin vẫn phải đăng nhập. | D3: FR-01, FR-02, FR-21, FR-22
A4: 3 | B4: Trạng thái đơn hàng. | C4: Chờ xác nhận → Đang làm → Hoàn thành, và Đã hủy. Bỏ 'Đang giao'. Trạng thái thanh toán (Chưa thanh toán/Đã thanh toán) tách riêng. | D4: FR-17, FR-19, FR-43
A5: 4 | B5: Thời điểm và cách thanh toán: trả trước khi gửi đơn hay trả sau khi ăn? | C5: Trả sau tại quầy (tiền mặt hoặc chuyển khoản bằng QR của quán). Chủ quán xác nhận thủ công, không tích hợp cổng thanh toán. | D5: FR-18, FR-32, FR-44
A6: 5 | B6: Khách gọi thêm món trong cùng lượt ngồi. | C6: Mỗi lần gửi tạo một đơn mới cùng bàn. Chủ quán xem theo bàn; tính tiền gộp theo bàn là chức năng nâng cao. | D6: FR-17, FR-45
A7: 6 | B7: Chống đặt đùa hoặc đặt từ xa (người không ngồi tại quán quét lại ảnh QR). | C7: Chủ quán xác nhận hoặc từ chối từng đơn; mã bàn (qr_token) ngẫu nhiên, có thể tạo lại khi bị lộ. | D7: FR-33, FR-42
A8: 7 | B8: Tùy chọn món (size, topping): bảng Dish trong CSDL sơ bộ chưa có chỗ lưu. | C8: Thêm bảng option_groups, options và order_item_options. | D8: FR-14, FR-37
A9: 8 | B9: Giỏ hàng lưu ở đâu? | C9: Lưu trong session phía server, gắn với quán và bàn đang quét. Chỉ ghi CSDL khi gửi đơn. | D9: FR-15, FR-16
A10: 9 | B10: Có vai trò 'nhân viên' riêng không? | C10: Chỉ 3 vai trò (Khách hàng, Chủ quán, Admin). Nhân viên dùng chung tài khoản chủ quán. | D10: FR-02, FR-04
A11: 10 | B11: Cách thông báo đơn mới cho chủ quán. | C11: Dùng AJAX polling 5-10 giây (đơn giản, phù hợp Flask). Không dùng WebSocket trừ khi còn thời gian. | D11: FR-40, FR-19
A12: 11 | B12: Admin duyệt quán làm ở Sprint nào? | C12: Đưa lên Sprint 1 vì quán phải được duyệt mới nhận đơn qua QR. | D12: FR-50
A13: 12 | B13: Xóa món đã từng nằm trong đơn cũ. | C13: Xóa mềm (ẩn món). order_items lưu sẵn tên món và đơn giá tại thời điểm đặt. | D13: FR-36
... A16: 15 | B16: Ai viết và ai chạy test case? Ảnh phân công ghi TV1, bản Word ghi TV5. | C16: TV1 thiết kế test case từ yêu cầu; TV5 thực thi kiểm thử, báo lỗi và tự động hóa. | D16: Toàn bộ
