Workbook

Sheet User Story
A1: Mã US | B1: Epic | C1: Vai trò | D1: Tôi muốn | E1: Để | F1: Câu chuyện (tự ghép) | G1: Tiêu chí nghiệm thu | H1: FR | I1: Use Case | J1: Ưu tiên | K1: Sprint | L1: Điểm | M1: Trạng thái
A2: US-01 | B2: E1. Tài khoản và phân quyền | C2: Chủ quán | D2: đăng ký tài khoản bằng email và mật khẩu | E2: quản lý quán của mình trên hệ thống | F2: ="Là "&LOWER(LEFT(C2,1))&MID(C2,2,100)&", tôi muốn "&D2&", để "&E2&"." | G2: 1. Cho tôi ở trang đăng ký, khi nhập đủ họ tên, email chưa dùng, số điện thoại, mật khẩu từ 8 ký tự và chọn vai trò Chủ quán, thì tài khoản được tạo và tôi được chuyển tới trang đăng nhập. 2. Cho email đã được dùng, khi tôi đăng ký, thì hệ thống báo "Email đã được sử dụng" và không tạo tài khoản. 3. Cho mật khẩu ngắn hơn 8 ký tự hoặc nhập lại không khớp, khi tôi gửi biểu mẫu, thì hệ thống báo lỗi tại ô tương ứng. 4. Mật khẩu chỉ được lưu dạng băm trong CSDL. | H2: FR-01 | I2: UC-01 | J2: Bắt buộc | K2: Sprint 1 | L2: 3 | M2: Hoàn thành
A3: US-02 | B3: E1. Tài khoản và phân quyền | C3: Khách hàng | D3: đăng ký tài khoản tùy chọn | E3: lưu lịch sử gọi món cho những lần sau | F3: ="Là "&LOWER(LEFT(C3,1))&MID(C3,2,100)&", tôi muốn "&D3&", để "&E3&"." | G3: 1. Cho tôi chưa đăng nhập, khi đăng ký tài khoản khách với thông tin hợp lệ và nhập đúng mã 6 số gửi qua email, thì tài khoản được tạo và tôi được đăng nhập. 2. Gọi món qua mã QR vẫn không yêu cầu tài khoản. | H3: FR-01 | I3: UC-01 | J3: Nâng cao | K3: Sprint 3 | L3: 1 | M3: Hoàn thành
A4: US-03 | B4: E1. Tài khoản và phân quyền | C4: Người dùng có tài khoản | D4: đăng nhập bằng email và mật khẩu | E4: vào đúng trang theo vai trò của mình | F4: ="Là "&LOWER(LEFT(C4,1))&MID(C4,2,100)&", tôi muốn "&D4&", để "&E4&"." | G4: 1. Cho thông tin đúng, khi tôi đăng nhập, thì chủ quán được chuyển tới bảng đơn hàng và Admin tới trang quản trị. 2. Cho email hoặc mật khẩu sai, khi tôi đăng nhập, thì hệ thống báo chung "Email hoặc mật khẩu không đúng". 3. Cho tài khoản bị khóa, khi tôi đăng nhập, thì hệ thống báo "Tài khoản đã bị khóa" và không cho vào. | H4: FR-02 | I4: UC-02 | J4: Bắt buộc | K4: Sprint 1 | L4: 3 | M4: Hoàn thành
A5: US-04 | B5: E1. Tài khoản và phân quyền | C5: Người dùng có tài khoản | D5: hệ thống chặn truy cập các trang không thuộc quyền của tôi | E5: dữ liệu của quán không bị người khác xem hoặc sửa | F5: ="Là "&LOWER(LEFT(C5,1))&MID(C5,2,100)&", tôi muốn "&D5&", để "&E5&"." | G5: 1. Cho tôi chưa đăng nhập, khi mở trang của chủ quán hoặc Admin, thì tôi được chuyển về trang đăng nhập. 2. Cho tôi là chủ quán, khi truy cập trang quản trị, thì hệ thống trả mã 403. 3. Cho tôi là chủ quán, khi đổi ID trong đường dẫn sang món hoặc đơn của quán khác, thì hệ thống từ chối. | H5: FR-04 | I5: UC-02 | J5: Bắt buộc | K5: Sprint 1 | L5: 3 | M5: Hoàn thành
A6: US-05 | B6: E1. Tài khoản và phân quyền | C6: Người dùng có tài khoản | D6: đăng xuất khỏi hệ thống | E6: người khác dùng chung thiết bị không vào được tài khoản của tôi | F6: ="Là "&LOWER(LEFT(C6,1))&MID(C6,2,100)&", tôi muốn "&D6&", để "&E6&"." | G6: 1. Cho tôi đã đăng nhập, khi bấm "Đăng xuất", thì phiên kết thúc và tôi về trang chủ. 2. Sau khi đăng xuất, khi bấm nút Quay lại của trình duyệt, thì không xem lại được trang quản lý. | H6: FR-03 | I6: UC-03 | J6: Bắt buộc | K6: Sprint 1 | L6: 1 | M6: Hoàn thành
A7: US-06 | B7: E1. Tài khoản và phân quyền | C7: Người dùng có tài khoản | D7: cập nhật họ tên, số điện thoại và đổi mật khẩu | E7: thông tin luôn đúng và tài khoản được an toàn | F7: ="Là "&LOWER(LEFT(C7,1))&MID(C7,2,100)&", tôi muốn "&D7&", để "&E7&"." | G7: 1. Cho thông tin hợp lệ, khi tôi bấm "Lưu", thì hệ thống lưu và báo thành công. 2. Cho tôi đổi mật khẩu, khi nhập sai mật khẩu cũ, thì hệ thống báo lỗi và không đổi. 3. Mật khẩu mới phải từ 8 ký tự và nhập lại khớp. | H7: FR-05 | I7: UC-04 | J7: Bắt buộc | K7: Sprint 1 | L7: 2 | M7: Hoàn thành
A8: US-07 | B8: E2. Quét QR và xem menu | C8: Khách hàng | D8: quét mã QR tại bàn để mở menu của quán với số bàn gắn sẵn | E8: gọi món mà không cần cài ứng dụng hay đăng nhập | F8: ="Là "&LOWER(LEFT(C8,1))&MID(C8,2,100)&", tôi muốn "&D8&", để "&E8&"." | G8: 1. Cho mã QR hợp lệ, khi tôi quét bằng camera, thì menu của quán hiển thị, đầu trang có tên quán và số bàn. 2. Tôi không bị yêu cầu đăng nhập hay cài ứng dụng. 3. Cho mã QR sai hoặc đã bị thay, khi tôi quét, thì hệ thống báo "Mã QR không hợp lệ, vui lòng quét lại hoặc nhờ nhân viên hỗ trợ". 4. Cho quán chưa duyệt, bị khóa hoặc ngoài giờ mở cửa, khi tôi quét, thì hệ thống báo "Quán tạm ngưng nhận món" và không cho gọi món. | H8: FR-10 | I8: UC-05 | J8: Bắt buộc | K8: Sprint 1 | L8: 5 | M8: Hoàn thành
A9: US-08 | B9: E2. Quét QR và xem menu | C9: Khách hàng | D9: xem menu theo danh mục với giá, ảnh và trạng thái còn hoặc hết | E9: biết quán có món gì và chọn món phù hợp | F9: ="Là "&LOWER(LEFT(C9,1))&MID(C9,2,100)&", tôi muốn "&D9&", để "&E9&"." | G9: 1. Mỗi món hiển thị tên, giá và ảnh. 2. Cho món đang Hết, khi tôi xem menu, thì món hiển thị mờ, có nhãn "Hết món" và không có nút thêm vào giỏ. 3. Menu hiển thị đúng trên màn hình rộng 360 px, không phải cuộn ngang. 4. Menu 100 món hiển thị đầy đủ trong tối đa 3 giây trên mạng 4G. | H9: FR-11 | I9: UC-06 | J9: Bắt buộc | K9: Sprint 1 | L9: 3 | M9: Hoàn thành
A10: US-09 | B10: E2. Quét QR và xem menu | C10: Khách hàng | D10: tìm món theo tên và lọc theo danh mục | E10: nhanh chóng tìm được món muốn gọi | F10: ="Là "&LOWER(LEFT(C10,1))&MID(C10,2,100)&", tôi muốn "&D10&", để "&E10&"." | G10: 1. Cho tôi nhập từ khóa, khi tìm kiếm, thì chỉ hiện các món có tên chứa từ khóa (không phân biệt chữ hoa, chữ thường). 2. Cho từ khóa không khớp món nào, khi tìm kiếm, thì hệ thống báo "Không tìm thấy món phù hợp". 3. Cho tôi chọn một danh mục, thì chỉ hiện món thuộc danh mục đó; chọn "Tất cả" thì quay lại danh sách đầy đủ. | H10: FR-12, FR-13 | I10: UC-07 | J10: Bắt buộc | K10: Sprint 1 | L10: 2 | M10: Hoàn thành
A11: US-10 | B11: E3. Giỏ hàng và gửi đơn | C11: Khách hàng | D11: chọn món kèm size, topping, số lượng và ghi chú | E11: nhận đúng món mình thích | F11: ="Là "&LOWER(LEFT(C11,1))&MID(C11,2,100)&", tôi muốn "&D11&", để "&E11&"." | G11: 1. Cho món có tùy chọn, khi tôi bấm vào món, thì cửa sổ chọn hiển thị các nhóm tùy chọn kèm giá cộng thêm và thành tiền cập nhật theo lựa chọn. 2. Cho nhóm tùy chọn bắt buộc chưa chọn, khi tôi bấm thêm vào giỏ, thì hệ thống báo lỗi tại nhóm đó và không thêm. 3. Số lượng chỉ được từ 1 đến 99. | H11: FR-14 | I11: UC-08 | J11: Bắt buộc | K11: Sprint 2 | L11: 5 | M11: Hoàn thành
A12: US-11 | B12: E3. Giỏ hàng và gửi đơn | C12: Khách hàng | D12: thêm món vào giỏ hàng | E12: gom nhiều món trước khi gửi đơn | F12: ="Là "&LOWER(LEFT(C12,1))&MID(C12,2,100)&", tôi muốn "&D12&", để "&E12&"." | G12: 1. Cho món còn hàng, khi tôi bấm thêm vào giỏ, thì số món trên biểu tượng giỏ tăng lên. 2. Cho món đã hết, khi tôi cố thêm, thì hệ thống không cho thêm. 3. Cho cùng món và cùng tùy chọn đã có trong giỏ, khi tôi thêm lại, thì số lượng được cộng dồn. 4. Cho tôi quét mã QR của quán hoặc bàn khác, thì giỏ cũ bị xóa và hệ thống thông báo. | H12: FR-15 | I12: UC-08 | J12: Bắt buộc | K12: Sprint 2 | L12: 3 | M12: Hoàn thành
A13: US-12 | B13: E3. Giỏ hàng và gửi đơn | C13: Khách hàng | D13: xem và chỉnh giỏ hàng (đổi số lượng, sửa tùy chọn, xóa món) | E13: chắc chắn đúng món trước khi gửi đơn | F13: ="Là "&LOWER(LEFT(C13,1))&MID(C13,2,100)&", tôi muốn "&D13&", để "&E13&"." | G13: 1. Giỏ hiển thị từng món, tùy chọn, đơn giá, số lượng, thành tiền và tạm tính. 2. Khi tôi đổi số lượng hoặc xóa món, thì tạm tính cập nhật ngay. 3. Cho giỏ trống, thì hệ thống báo "Giỏ hàng trống" và có nút quay lại menu. 4. Cho tôi tải lại trang, thì giỏ vẫn còn nguyên. | H13: FR-16 | I13: UC-09 | J13: Bắt buộc | K13: Sprint 2 | L13: 3 | M13: Hoàn thành
... A52: US-51 | B52: E10. Quản trị hệ thống | C52: Chủ quán | D52: xem và phản hồi khiếu nại của khách về quán của mình | E52: vấn đề của khách được giải quyết | F52: ="Là "&LOWER(LEFT(C52,1))&MID(C52,2,100)&", tôi muốn "&D52&", để "&E52&"." | G52: 1. Cho có khiếu nại mới về quán của tôi, thì tôi mở xem được nội dung và đơn liên quan. 2. Cho tôi nhập phản hồi rồi đóng khiếu nại, thì khách thấy phản hồi và trạng thái. 3. Chủ quán khác không xem hoặc sửa được khiếu nại này. | H52: FR-55 | I52: UC-41 | J52: Nâng cao | K52: Sprint 3 | L52: 3 | M52: Hoàn thành

Sheet Tổng hợp
A1: Tổng hợp User Story QuickOrder
A3: 1. Theo Sprint | G3: Cách dùng
A4: Sprint | B4: Số story | C4: Bắt buộc | D4: Nâng cao | E4: Tổng điểm | G4: • Mỗi dòng ở sheet 'User Story' là một thẻ công việc. Cột 'Câu chuyện' tự ghép từ Vai trò, Tôi muốn, Để: copy làm tiêu đề thẻ trên Trello hoặc GitHub Projects.
A5: Sprint 1 | B5: =COUNTIFS('User Story'!$K$2:$K$300,$A5) | C5: =COUNTIFS('User Story'!$K$2:$K$300,$A5,'User Story'!$J$2:$J$300,"Bắt buộc") | D5: =COUNTIFS('User Story'!$K$2:$K$300,$A5,'User Story'!$J$2:$J$300,"Nâng cao") | E5: =SUMIFS('User Story'!$L$2:$L$300,'User Story'!$K$2:$K$300,$A5) | G5: • Cột 'Tiêu chí nghiệm thu' copy vào mô tả thẻ, mỗi dòng là một mục kiểm tra (checklist).
A6: Sprint 2 | B6: =COUNTIFS('User Story'!$K$2:$K$300,$A6) | C6: =COUNTIFS('User Story'!$K$2:$K$300,$A6,'User Story'!$J$2:$J$300,"Bắt buộc") | D6: =COUNTIFS('User Story'!$K$2:$K$300,$A6,'User Story'!$J$2:$J$300,"Nâng cao") | E6: =SUMIFS('User Story'!$L$2:$L$300,'User Story'!$K$2:$K$300,$A6) | G6: • Thêm story mới ở dòng cuối, chọn Ưu tiên, Sprint, Điểm, Trạng thái từ danh sách thả xuống để các bảng ở đây tự cập nhật (hỗ trợ tới dòng 300).
A7: Sprint 3 | B7: =COUNTIFS('User Story'!$K$2:$K$300,$A7) | C7: =COUNTIFS('User Story'!$K$2:$K$300,$A7,'User Story'!$J$2:$J$300,"Bắt buộc") | D7: =COUNTIFS('User Story'!$K$2:$K$300,$A7,'User Story'!$J$2:$J$300,"Nâng cao") | E7: =SUMIFS('User Story'!$L$2:$L$300,'User Story'!$K$2:$K$300,$A7) | G7: Thang điểm ước lượng (đề xuất, nhóm tự hiệu chỉnh)
A8: Mở rộng | B8: =COUNTIFS('User Story'!$K$2:$K$300,$A8) | C8: =COUNTIFS('User Story'!$K$2:$K$300,$A8,'User Story'!$J$2:$J$300,"Bắt buộc") | D8: =COUNTIFS('User Story'!$K$2:$K$300,$A8,'User Story'!$J$2:$J$300,"Nâng cao") | E8: =SUMIFS('User Story'!$L$2:$L$300,'User Story'!$K$2:$K$300,$A8) | G8: • 1 điểm: vài giờ • 2 điểm: khoảng nửa ngày • 3 điểm: khoảng 1 ngày • 5 điểm: khoảng 2 ngày • 8 điểm: 3 đến 4 ngày.
A9: Tổng cộng | B9: =SUM(B5:B8) | C9: =SUM(C5:C8) | D9: =SUM(D5:D8) | E9: =SUM(E5:E8) | G9: • Điểm gồm cả frontend, backend và kiểm thử cơ bản của story. Story 8 điểm nên cân nhắc tách nhỏ khi lập kế hoạch Sprint.
G10: Định nghĩa hoàn thành (Definition of Done), đề xuất
A11: 2. Theo Epic | G11: • Mã nguồn đã qua Pull Request và có ít nhất một người review.
A12: Epic | B12: Số story | C12: Bắt buộc | D12: Nâng cao | E12: Tổng điểm | G12: • Đáp ứng đủ các tiêu chí nghiệm thu của story.
A13: E1. Tài khoản và phân quyền | B13: =COUNTIFS('User Story'!$B$2:$B$300,$A13) | C13: =COUNTIFS('User Story'!$B$2:$B$300,$A13,'User Story'!$J$2:$J$300,"Bắt buộc") | D13: =COUNTIFS('User Story'!$B$2:$B$300,$A13,'User Story'!$J$2:$J$300,"Nâng cao") | E13: =SUMIFS('User Story'!$L$2:$L$300,'User Story'!$B$2:$B$300,$A13) | G13: • Có test case tương ứng và đã chạy Pass.
A14: E2. Quét QR và xem menu | B14: =COUNTIFS('User Story'!$B$2:$B$300,$A14) | C14: =COUNTIFS('User Story'!$B$2:$B$300,$A14,'User Story'!$J$2:$J$300,"Bắt buộc") | D14: =COUNTIFS('User Story'!$B$2:$B$300,$A14,'User Story'!$J$2:$J$300,"Nâng cao") | E14: =SUMIFS('User Story'!$L$2:$L$300,'User Story'!$B$2:$B$300,$A14) | G14: • Giao diện khách hiển thị đúng ở độ rộng 360 px; chạy được trên Chrome, Safari, Edge, Firefox.
A15: E3. Giỏ hàng và gửi đơn | B15: =COUNTIFS('User Story'!$B$2:$B$300,$A15) | C15: =COUNTIFS('User Story'!$B$2:$B$300,$A15,'User Story'!$J$2:$J$300,"Bắt buộc") | D15: =COUNTIFS('User Story'!$B$2:$B$300,$A15,'User Story'!$J$2:$J$300,"Nâng cao") | E15: =SUMIFS('User Story'!$L$2:$L$300,'User Story'!$B$2:$B$300,$A15) | G15: • Không còn lỗi nghiêm trọng đã biết; tài liệu liên quan (README, Route/API) đã cập nhật.
A16: E4. Theo dõi đơn | B16: =COUNTIFS('User Story'!$B$2:$B$300,$A16) | C16: =COUNTIFS('User Story'!$B$2:$B$300,$A16,'User Story'!$J$2:$J$300,"Bắt buộc") | D16: =COUNTIFS('User Story'!$B$2:$B$300,$A16,'User Story'!$J$2:$J$300,"Nâng cao") | E16: =SUMIFS('User Story'!$L$2:$L$300,'User Story'!$B$2:$B$300,$A16) | G16: Lưu ý
A17: E5. Tiện ích cho khách | B17: =COUNTIFS('User Story'!$B$2:$B$300,$A17) | C17: =COUNTIFS('User Story'!$B$2:$B$300,$A17,'User Story'!$J$2:$J$300,"Bắt buộc") | D17: =COUNTIFS('User Story'!$B$2:$B$300,$A17,'User Story'!$J$2:$J$300,"Nâng cao") | E17: =SUMIFS('User Story'!$L$2:$L$300,'User Story'!$B$2:$B$300,$A17) | G17: • Tiêu chí viết theo dạng Cho (điều kiện), khi (hành động), thì (kết quả mong đợi). Mỗi tiêu chí là một ý để tester viết test case.
A18: E6. Thiết lập quán | B18: =COUNTIFS('User Story'!$B$2:$B$300,$A18) | C18: =COUNTIFS('User Story'!$B$2:$B$300,$A18,'User Story'!$J$2:$J$300,"Bắt buộc") | D18: =COUNTIFS('User Story'!$B$2:$B$300,$A18,'User Story'!$J$2:$J$300,"Nâng cao") | E18: =SUMIFS('User Story'!$L$2:$L$300,'User Story'!$B$2:$B$300,$A18) | G18: • US-02 gắn với FR-01 nhưng là Nâng cao vì tài khoản khách chỉ tùy chọn. Các story Nâng cao chỉ làm khi còn thời gian.
A19: E7. Quản lý menu | B19: =COUNTIFS('User Story'!$B$2:$B$300,$A19) | C19: =COUNTIFS('User Story'!$B$2:$B$300,$A19,'User Story'!$J$2:$J$300,"Bắt buộc") | D19: =COUNTIFS('User Story'!$B$2:$B$300,$A19,'User Story'!$J$2:$J$300,"Nâng cao") | E19: =SUMIFS('User Story'!$L$2:$L$300,'User Story'!$B$2:$B$300,$A19)
A20: E8. Xử lý đơn | B20: =COUNTIFS('User Story'!$B$2:$B$300,$A20) | C20: =COUNTIFS('User Story'!$B$2:$B$300,$A20,'User Story'!$J$2:$J$300,"Bắt buộc") | D20: =COUNTIFS('User Story'!$B$2:$B$300,$A20,'User Story'!$J$2:$J$300,"Nâng cao") | E20: =SUMIFS('User Story'!$L$2:$L$300,'User Story'!$B$2:$B$300,$A20)
A21: E9. Khuyến mãi và thống kê | B21: =COUNTIFS('User Story'!$B$2:$B$300,$A21) | C21: =COUNTIFS('User Story'!$B$2:$B$300,$A21,'User Story'!$J$2:$J$300,"Bắt buộc") | D21: =COUNTIFS('User Story'!$B$2:$B$300,$A21,'User Story'!$J$2:$J$300,"Nâng cao") | E21: =SUMIFS('User Story'!$L$2:$L$300,'User Story'!$B$2:$B$300,$A21)
A22: E10. Quản trị hệ thống | B22: =COUNTIFS('User Story'!$B$2:$B$300,$A22) | C22: =COUNTIFS('User Story'!$B$2:$B$300,$A22,'User Story'!$J$2:$J$300,"Bắt buộc") | D22: =COUNTIFS('User Story'!$B$2:$B$300,$A22,'User Story'!$J$2:$J$300,"Nâng cao") | E22: =SUMIFS('User Story'!$L$2:$L$300,'User Story'!$B$2:$B$300,$A22)
A23: Tổng cộng | B23: =SUM(B13:B22) | C23: =SUM(C13:C22) | D23: =SUM(D13:D22) | E23: =SUM(E13:E22)
A25: 3. Tiến độ
A26: Trạng thái | B26: Số story | C26: Tỷ lệ
A27: Chưa làm | B27: =COUNTIFS('User Story'!$M$2:$M$300,$A27) | C27: =IF($B$30=0,0,B27/$B$30)
A28: Đang làm | B28: =COUNTIFS('User Story'!$M$2:$M$300,$A28) | C28: =IF($B$30=0,0,B28/$B$30)
A29: Hoàn thành | B29: =COUNTIFS('User Story'!$M$2:$M$300,$A29) | C29: =IF($B$30=0,0,B29/$B$30)
A30: Tổng cộng | B30: =SUM(B27:B29) | C30: =SUM(C27:C29)
A32: Kiểm tra dữ liệu
A33: Số story trong danh sách | B33: =COUNTA('User Story'!$A$2:$A$300)
A34: Khớp bảng Sprint | B34: =IF(B9=B33,"OK","Sai chính tả")
A35: Khớp bảng Epic | B35: =IF(B23=B33,"OK","Sai chính tả")
A36: Khớp bảng Tiến độ | B36: =IF(B30=B33,"OK","Sai chính tả")
